documentID:ID,fileName,documentType,filePathOrURL,uploadTimestamp:datetime,versionNumber:int,isLatestVersion:boolean,:LABEL
DOC001,Bericht_P001_B001_v2.pdf,Report,/docs/P001/Bericht_final.pdf,2023-09-10T14:30:00,2,True,Document
DOC001-V1,Bericht_P001_B001_v1.pdf,Report,/docs/P001/Bericht_v1.pdf,2023-09-01T10:00:00,1,False,Document
DOC006,Vertrag_P002_signed.pdf,Contract,/docs/P002/Vertrag_signed.pdf,2024-01-15T11:00:00,1,True,Document
DOC007,Plaene_B001_Scan.pdf,Plan,/docs/P001/Plaene_Scan.pdf,2023-05-11T09:30:00,1,True,Document
DOC001,Photo_P002_1_v1.pdf,Photo,/docs/P002/Photo_P002_1_v1.file,2025-04-06T17:24:03,1,False,Document
DOC002,Photo_P002_1_v2.jpg,Photo,/docs/P002/Photo_P002_1_v2.file,2025-04-07T11:41:18,2,False,Document
DOC003,Photo_P002_1_v3.pdf,Photo,/docs/P002/Photo_P002_1_v3.file,2025-04-07T12:23:24,3,False,Document
DOC004,Photo_P002_1_v4.jpg,Photo,/docs/P002/Photo_P002_1_v4.file,2025-04-07T13:58:53,4,True,Document
DOC005,Plan_P001_2_v1.docx,Plan,/docs/P001/Plan_P001_2_v1.file,2023-01-03T22:58:00,1,False,Document
DOC006,Plan_P001_2_v2.xlsx,Plan,/docs/P001/Plan_P001_2_v2.file,2024-02-14T05:22:25,2,False,Document
DOC007,Plan_P001_2_v3.xlsx,Plan,/docs/P001/Plan_P001_2_v3.file,2024-06-13T21:43:11,3,True,Document
DOC008,Report_P006_3_v1.jpg,Report,/docs/P006/Report_P006_3_v1.file,2025-02-11T06:38:16,1,False,Document
DOC009,Report_P006_3_v2.dwg,Report,/docs/P006/Report_P006_3_v2.file,2025-02-17T13:32:22,2,False,Document
DOC010,Report_P006_3_v3.pdf,Report,/docs/P006/Report_P006_3_v3.file,2025-03-17T09:07:22,3,False,Document
DOC011,Report_P006_3_v4.jpg,Report,/docs/P006/Report_P006_3_v4.file,2025-03-23T22:46:12,4,True,Document
DOC012,Photo_P007_4_v1.pdf,Photo,/docs/P007/Photo_P007_4_v1.file,2023-10-20T16:12:03,1,True,Document
DOC013,Report_P002_5_v1.xlsx,Report,/docs/P002/Report_P002_5_v1.file,2023-11-22T08:40:30,1,False,Document
DOC014,Report_P002_5_v2.docx,Report,/docs/P002/Report_P002_5_v2.file,2024-07-10T20:27:09,2,True,Document
DOC015,Plan_P005_6_v1.pdf,Plan,/docs/P005/Plan_P005_6_v1.file,2025-02-10T03:32:42,1,False,Document
DOC016,Plan_P005_6_v2.dwg,Plan,/docs/P005/Plan_P005_6_v2.file,2025-04-07T13:01:51,2,False,Document
DOC017,Plan_P005_6_v3.jpg,Plan,/docs/P005/Plan_P005_6_v3.file,2025-04-07T14:11:06,3,False,Document
DOC018,Plan_P005_6_v4.jpg,Plan,/docs/P005/Plan_P005_6_v4.file,2025-04-07T14:28:17,4,True,Document
DOC019,Calculation_P007_7_v1.jpg,Calculation,/docs/P007/Calculation_P007_7_v1.file,2023-08-27T02:39:40,1,False,Document
DOC020,Calculation_P007_7_v2.pdf,Calculation,/docs/P007/Calculation_P007_7_v2.file,2023-09-13T17:16:28,2,False,Document
DOC021,Calculation_P007_7_v3.docx,Calculation,/docs/P007/Calculation_P007_7_v3.file,2024-12-29T02:40:32,3,False,Document
DOC022,Calculation_P007_7_v4.xlsx,Calculation,/docs/P007/Calculation_P007_7_v4.file,2025-02-09T16:15:35,4,True,Document
DOC023,Data_P004_8_v1.pdf,Data,/docs/P004/Data_P004_8_v1.file,2024-11-10T22:59:40,1,False,Document
DOC024,Data_P004_8_v2.pdf,Data,/docs/P004/Data_P004_8_v2.file,2025-03-10T16:06:59,2,False,Document
DOC025,Data_P004_8_v3.xlsx,Data,/docs/P004/Data_P004_8_v3.file,2025-03-29T14:17:42,3,True,Document
DOC026,Plan_P003_9_v1.xlsx,Plan,/docs/P003/Plan_P003_9_v1.file,2024-04-22T23:03:46,1,False,Document
DOC027,Plan_P003_9_v2.jpg,Plan,/docs/P003/Plan_P003_9_v2.file,2024-07-22T11:23:51,2,False,Document
DOC028,Plan_P003_9_v3.pdf,Plan,/docs/P003/Plan_P003_9_v3.file,2024-12-29T04:31:51,3,True,Document
DOC029,Report_P003_10_v1.jpg,Report,/docs/P003/Report_P003_10_v1.file,2024-02-20T20:12:48,1,False,Document
DOC030,Report_P003_10_v2.jpg,Report,/docs/P003/Report_P003_10_v2.file,2024-04-29T20:08:54,2,False,Document
DOC031,Report_P003_10_v3.pdf,Report,/docs/P003/Report_P003_10_v3.file,2024-11-12T13:18:16,3,True,Document
DOC032,Report_P004_11_v1.pdf,Report,/docs/P004/Report_P004_11_v1.file,2023-11-24T08:10:07,1,False,Document
DOC033,Report_P004_11_v2.pdf,Report,/docs/P004/Report_P004_11_v2.file,2025-01-22T01:48:59,2,True,Document
DOC034,Calculation_P009_12_v1.docx,Calculation,/docs/P009/Calculation_P009_12_v1.file,2024-12-04T20:48:04,1,False,Document
DOC035,Calculation_P009_12_v2.xlsx,Calculation,/docs/P009/Calculation_P009_12_v2.file,2025-03-10T03:32:53,2,True,Document
DOC036,Protocol_P004_13_v1.docx,Protocol,/docs/P004/Protocol_P004_13_v1.file,2024-04-23T09:30:21,1,True,Document
DOC037,Data_P007_14_v1.jpg,Data,/docs/P007/Data_P007_14_v1.file,2024-07-20T05:14:48,1,False,Document
DOC038,Data_P007_14_v2.dwg,Data,/docs/P007/Data_P007_14_v2.file,2025-01-14T21:39:52,2,True,Document
DOC039,Report_P002_15_v1.xlsx,Report,/docs/P002/Report_P002_15_v1.file,2024-08-04T14:29:32,1,False,Document
DOC040,Report_P002_15_v2.jpg,Report,/docs/P002/Report_P002_15_v2.file,2024-12-20T14:05:34,2,False,Document
DOC041,Report_P002_15_v3.jpg,Report,/docs/P002/Report_P002_15_v3.file,2025-03-11T23:21:59,3,True,Document
DOC042,Contract_P008_16_v1.pdf,Contract,/docs/P008/Contract_P008_16_v1.file,2024-01-28T07:12:45,1,True,Document
DOC043,CertificatePDF_P006_17_v1.xlsx,CertificatePDF,/docs/P006/CertificatePDF_P006_17_v1.file,2024-06-03T00:36:57,1,True,Document
DOC044,Photo_P007_18_v1.docx,Photo,/docs/P007/Photo_P007_18_v1.file,2023-01-02T07:37:52,1,True,Document
DOC045,Report_P002_19_v1.dwg,Report,/docs/P002/Report_P002_19_v1.file,2025-03-17T04:50:51,1,False,Document
DOC046,Report_P002_19_v2.xlsx,Report,/docs/P002/Report_P002_19_v2.file,2025-03-22T09:10:54,2,False,Document
DOC047,Report_P002_19_v3.docx,Report,/docs/P002/Report_P002_19_v3.file,2025-04-03T20:56:24,3,True,Document
DOC048,Plan_P009_20_v1.pdf,Plan,/docs/P009/Plan_P009_20_v1.file,2025-03-26T14:12:26,1,False,Document
DOC049,Plan_P009_20_v2.pdf,Plan,/docs/P009/Plan_P009_20_v2.file,2025-04-05T05:51:44,2,False,Document
DOC050,Plan_P009_20_v3.docx,Plan,/docs/P009/Plan_P009_20_v3.file,2025-04-06T07:52:51,3,False,Document
DOC051,Plan_P009_20_v4.jpg,Plan,/docs/P009/Plan_P009_20_v4.file,2025-04-07T03:08:06,4,True,Document
DOC052,Offer_P005_21_v1.dwg,Offer,/docs/P005/Offer_P005_21_v1.file,2024-07-19T08:58:37,1,False,Document
DOC053,Offer_P005_21_v2.pdf,Offer,/docs/P005/Offer_P005_21_v2.file,2024-11-22T07:14:43,2,False,Document
DOC054,Offer_P005_21_v3.jpg,Offer,/docs/P005/Offer_P005_21_v3.file,2025-01-30T19:26:11,3,False,Document
DOC055,Offer_P005_21_v4.docx,Offer,/docs/P005/Offer_P005_21_v4.file,2025-03-24T09:53:48,4,True,Document
DOC056,Calculation_P004_22_v1.docx,Calculation,/docs/P004/Calculation_P004_22_v1.file,2023-05-21T01:59:17,1,False,Document
DOC057,Calculation_P004_22_v2.docx,Calculation,/docs/P004/Calculation_P004_22_v2.file,2023-07-13T13:29:18,2,True,Document
DOC058,Report_P005_23_v1.jpg,Report,/docs/P005/Report_P005_23_v1.file,2025-02-21T04:08:43,1,False,Document
DOC059,Report_P005_23_v2.jpg,Report,/docs/P005/Report_P005_23_v2.file,2025-03-15T10:04:47,2,True,Document
DOC060,Data_P001_24_v1.dwg,Data,/docs/P001/Data_P001_24_v1.file,2023-12-27T16:55:55,1,False,Document
DOC061,Data_P001_24_v2.jpg,Data,/docs/P001/Data_P001_24_v2.file,2024-01-30T06:55:45,2,False,Document
DOC062,Data_P001_24_v3.jpg,Data,/docs/P001/Data_P001_24_v3.file,2024-07-02T16:20:20,3,False,Document
DOC063,Data_P001_24_v4.docx,Data,/docs/P001/Data_P001_24_v4.file,2024-11-30T19:43:20,4,True,Document
DOC064,Photo_P006_25_v1.pdf,Photo,/docs/P006/Photo_P006_25_v1.file,2024-04-08T03:41:53,1,True,Document
DOC065,Contract_P005_26_v1.dwg,Contract,/docs/P005/Contract_P005_26_v1.file,2024-07-23T00:13:16,1,True,Document
DOC066,Plan_P007_27_v1.pdf,Plan,/docs/P007/Plan_P007_27_v1.file,2023-04-10T22:44:05,1,False,Document
DOC067,Plan_P007_27_v2.dwg,Plan,/docs/P007/Plan_P007_27_v2.file,2024-10-25T02:20:13,2,False,Document
DOC068,Plan_P007_27_v3.docx,Plan,/docs/P007/Plan_P007_27_v3.file,2025-04-01T17:59:44,3,True,Document
DOC069,Invoice_P008_28_v1.pdf,Invoice,/docs/P008/Invoice_P008_28_v1.file,2023-09-10T21:49:39,1,False,Document
DOC070,Invoice_P008_28_v2.pdf,Invoice,/docs/P008/Invoice_P008_28_v2.file,2024-03-12T19:18:46,2,False,Document
DOC071,Invoice_P008_28_v3.pdf,Invoice,/docs/P008/Invoice_P008_28_v3.file,2024-11-28T00:22:12,3,True,Document
DOC072,Calculation_P007_29_v1.pdf,Calculation,/docs/P007/Calculation_P007_29_v1.file,2024-08-14T22:07:57,1,True,Document
DOC073,Plan_P007_30_v1.dwg,Plan,/docs/P007/Plan_P007_30_v1.file,2023-07-28T05:43:43,1,False,Document
DOC074,Plan_P007_30_v2.xlsx,Plan,/docs/P007/Plan_P007_30_v2.file,2024-02-03T06:48:50,2,False,Document
DOC075,Plan_P007_30_v3.docx,Plan,/docs/P007/Plan_P007_30_v3.file,2024-03-19T03:41:26,3,False,Document
DOC076,Plan_P007_30_v4.dwg,Plan,/docs/P007/Plan_P007_30_v4.file,2025-03-04T20:56:05,4,True,Document
DOC077,Report_P005_31_v1.dwg,Report,/docs/P005/Report_P005_31_v1.file,2023-08-03T17:16:30,1,True,Document
DOC078,Report_P007_32_v1.xlsx,Report,/docs/P007/Report_P007_32_v1.file,2023-05-16T18:35:10,1,True,Document
DOC079,Plan_P001_33_v1.xlsx,Plan,/docs/P001/Plan_P001_33_v1.file,2023-08-26T05:49:15,1,False,Document
DOC080,Plan_P001_33_v2.docx,Plan,/docs/P001/Plan_P001_33_v2.file,2024-07-13T14:35:03,2,False,Document
DOC081,Plan_P001_33_v3.xlsx,Plan,/docs/P001/Plan_P001_33_v3.file,2025-03-24T16:11:37,3,True,Document
DOC082,CertificatePDF_P009_34_v1.dwg,CertificatePDF,/docs/P009/CertificatePDF_P009_34_v1.file,2023-11-08T06:24:21,1,False,Document
DOC083,CertificatePDF_P009_34_v2.pdf,CertificatePDF,/docs/P009/CertificatePDF_P009_34_v2.file,2024-06-04T20:37:33,2,False,Document
DOC084,CertificatePDF_P009_34_v3.jpg,CertificatePDF,/docs/P009/CertificatePDF_P009_34_v3.file,2024-08-31T19:48:24,3,True,Document
DOC085,Calculation_P003_35_v1.docx,Calculation,/docs/P003/Calculation_P003_35_v1.file,2023-11-13T06:13:02,1,False,Document
DOC086,Calculation_P003_35_v2.jpg,Calculation,/docs/P003/Calculation_P003_35_v2.file,2024-06-16T06:26:14,2,False,Document
DOC087,Calculation_P003_35_v3.jpg,Calculation,/docs/P003/Calculation_P003_35_v3.file,2025-03-27T16:03:16,3,True,Document
DOC088,Plan_P008_36_v1.pdf,Plan,/docs/P008/Plan_P008_36_v1.file,2024-02-14T18:17:56,1,False,Document
DOC089,Plan_P008_36_v2.docx,Plan,/docs/P008/Plan_P008_36_v2.file,2025-02-10T02:27:10,2,False,Document
DOC090,Plan_P008_36_v3.jpg,Plan,/docs/P008/Plan_P008_36_v3.file,2025-02-24T15:49:24,3,False,Document
DOC091,Plan_P008_36_v4.pdf,Plan,/docs/P008/Plan_P008_36_v4.file,2025-03-23T07:27:20,4,True,Document
DOC092,Offer_P003_37_v1.dwg,Offer,/docs/P003/Offer_P003_37_v1.file,2024-02-22T19:45:50,1,False,Document
DOC093,Offer_P003_37_v2.pdf,Offer,/docs/P003/Offer_P003_37_v2.file,2024-09-04T15:47:51,2,False,Document
DOC094,Offer_P003_37_v3.jpg,Offer,/docs/P003/Offer_P003_37_v3.file,2024-11-23T16:15:46,3,False,Document
DOC095,Offer_P003_37_v4.xlsx,Offer,/docs/P003/Offer_P003_37_v4.file,2025-04-06T17:44:54,4,True,Document
DOC096,Photo_P002_38_v1.xlsx,Photo,/docs/P002/Photo_P002_38_v1.file,2025-01-27T03:00:08,1,False,Document
DOC097,Photo_P002_38_v2.docx,Photo,/docs/P002/Photo_P002_38_v2.file,2025-03-18T20:18:15,2,False,Document
DOC098,Photo_P002_38_v3.dwg,Photo,/docs/P002/Photo_P002_38_v3.file,2025-03-31T14:48:10,3,False,Document
DOC099,Photo_P002_38_v4.docx,Photo,/docs/P002/Photo_P002_38_v4.file,2025-04-03T23:04:53,4,True,Document
DOC100,Protocol_P005_39_v1.jpg,Protocol,/docs/P005/Protocol_P005_39_v1.file,2023-07-04T16:14:59,1,False,Document
DOC101,Protocol_P005_39_v2.dwg,Protocol,/docs/P005/Protocol_P005_39_v2.file,2024-06-10T21:51:01,2,False,Document
DOC102,Protocol_P005_39_v3.dwg,Protocol,/docs/P005/Protocol_P005_39_v3.file,2024-07-08T08:01:13,3,True,Document
DOC103,Plan_P002_40_v1.jpg,Plan,/docs/P002/Plan_P002_40_v1.file,2024-10-30T08:10:21,1,False,Document
DOC104,Plan_P002_40_v2.pdf,Plan,/docs/P002/Plan_P002_40_v2.file,2025-01-26T03:49:07,2,False,Document
DOC105,Plan_P002_40_v3.dwg,Plan,/docs/P002/Plan_P002_40_v3.file,2025-03-26T04:58:01,3,False,Document
DOC106,Plan_P002_40_v4.xlsx,Plan,/docs/P002/Plan_P002_40_v4.file,2025-04-02T19:02:16,4,True,Document
DOC107,Data_P007_41_v1.docx,Data,/docs/P007/Data_P007_41_v1.file,2024-07-15T18:40:46,1,False,Document
DOC108,Data_P007_41_v2.docx,Data,/docs/P007/Data_P007_41_v2.file,2024-11-18T16:25:14,2,False,Document
DOC109,Data_P007_41_v3.pdf,Data,/docs/P007/Data_P007_41_v3.file,2025-04-06T11:33:57,3,True,Document
DOC110,Contract_P001_42_v1.dwg,Contract,/docs/P001/Contract_P001_42_v1.file,2025-03-09T03:18:25,1,False,Document
DOC111,Contract_P001_42_v2.docx,Contract,/docs/P001/Contract_P001_42_v2.file,2025-03-13T21:31:08,2,True,Document
DOC112,Contract_P006_43_v1.docx,Contract,/docs/P006/Contract_P006_43_v1.file,2025-03-03T00:09:36,1,False,Document
DOC113,Contract_P006_43_v2.pdf,Contract,/docs/P006/Contract_P006_43_v2.file,2025-03-27T02:53:04,2,False,Document
DOC114,Contract_P006_43_v3.jpg,Contract,/docs/P006/Contract_P006_43_v3.file,2025-04-01T18:05:54,3,False,Document
DOC115,Contract_P006_43_v4.pdf,Contract,/docs/P006/Contract_P006_43_v4.file,2025-04-04T14:30:49,4,True,Document
DOC116,Calculation_P009_44_v1.xlsx,Calculation,/docs/P009/Calculation_P009_44_v1.file,2024-06-13T08:58:49,1,True,Document
DOC117,Data_P009_45_v1.dwg,Data,/docs/P009/Data_P009_45_v1.file,2024-01-14T00:39:01,1,False,Document
DOC118,Data_P009_45_v2.jpg,Data,/docs/P009/Data_P009_45_v2.file,2024-07-26T21:39:26,2,True,Document
DOC119,Plan_P001_46_v1.dwg,Plan,/docs/P001/Plan_P001_46_v1.file,2023-12-22T23:06:19,1,False,Document
DOC120,Plan_P001_46_v2.docx,Plan,/docs/P001/Plan_P001_46_v2.file,2024-12-12T04:28:18,2,False,Document
DOC121,Plan_P001_46_v3.pdf,Plan,/docs/P001/Plan_P001_46_v3.file,2025-02-16T15:45:34,3,True,Document
DOC122,Contract_P002_47_v1.xlsx,Contract,/docs/P002/Contract_P002_47_v1.file,2024-11-23T00:36:27,1,False,Document
DOC123,Contract_P002_47_v2.pdf,Contract,/docs/P002/Contract_P002_47_v2.file,2025-04-05T08:11:02,2,True,Document
DOC124,Invoice_P003_48_v1.dwg,Invoice,/docs/P003/Invoice_P003_48_v1.file,2024-05-01T03:14:48,1,False,Document
DOC125,Invoice_P003_48_v2.xlsx,Invoice,/docs/P003/Invoice_P003_48_v2.file,2024-10-26T07:25:07,2,False,Document
DOC126,Invoice_P003_48_v3.jpg,Invoice,/docs/P003/Invoice_P003_48_v3.file,2025-03-17T14:12:48,3,True,Document
DOC127,Contract_P008_49_v1.jpg,Contract,/docs/P008/Contract_P008_49_v1.file,2023-06-12T00:36:08,1,True,Document
DOC128,Protocol_P006_50_v1.dwg,Protocol,/docs/P006/Protocol_P006_50_v1.file,2023-10-28T05:30:22,1,False,Document
DOC129,Protocol_P006_50_v2.jpg,Protocol,/docs/P006/Protocol_P006_50_v2.file,2024-10-21T12:35:36,2,False,Document
DOC130,Protocol_P006_50_v3.pdf,Protocol,/docs/P006/Protocol_P006_50_v3.file,2024-10-28T16:34:57,3,False,Document
DOC131,Protocol_P006_50_v4.docx,Protocol,/docs/P006/Protocol_P006_50_v4.file,2024-11-08T20:10:39,4,True,Document
DOC132,Contract_P007_51_v1.dwg,Contract,/docs/P007/Contract_P007_51_v1.file,2024-12-13T13:40:07,1,False,Document
DOC133,Contract_P007_51_v2.pdf,Contract,/docs/P007/Contract_P007_51_v2.file,2025-03-12T04:50:45,2,False,Document
DOC134,Contract_P007_51_v3.xlsx,Contract,/docs/P007/Contract_P007_51_v3.file,2025-03-25T04:28:45,3,True,Document
DOC135,Calculation_P006_52_v1.docx,Calculation,/docs/P006/Calculation_P006_52_v1.file,2024-04-29T00:17:30,1,False,Document
DOC136,Calculation_P006_52_v2.pdf,Calculation,/docs/P006/Calculation_P006_52_v2.file,2025-02-02T19:52:30,2,False,Document
DOC137,Calculation_P006_52_v3.xlsx,Calculation,/docs/P006/Calculation_P006_52_v3.file,2025-02-05T21:40:38,3,False,Document
DOC138,Calculation_P006_52_v4.pdf,Calculation,/docs/P006/Calculation_P006_52_v4.file,2025-03-05T21:58:31,4,True,Document
DOC139,Calculation_P009_53_v1.docx,Calculation,/docs/P009/Calculation_P009_53_v1.file,2025-01-20T15:16:06,1,False,Document
DOC140,Calculation_P009_53_v2.docx,Calculation,/docs/P009/Calculation_P009_53_v2.file,2025-03-15T19:41:54,2,False,Document
DOC141,Calculation_P009_53_v3.dwg,Calculation,/docs/P009/Calculation_P009_53_v3.file,2025-03-24T02:28:17,3,False,Document
DOC142,Calculation_P009_53_v4.dwg,Calculation,/docs/P009/Calculation_P009_53_v4.file,2025-04-04T14:00:45,4,True,Document
DOC143,CertificatePDF_P006_54_v1.xlsx,CertificatePDF,/docs/P006/CertificatePDF_P006_54_v1.file,2023-05-30T02:15:21,1,True,Document
DOC144,Photo_P005_55_v1.pdf,Photo,/docs/P005/Photo_P005_55_v1.file,2024-06-08T21:12:27,1,True,Document
DOC145,Invoice_P003_56_v1.xlsx,Invoice,/docs/P003/Invoice_P003_56_v1.file,2025-01-30T23:30:51,1,False,Document
DOC146,Invoice_P003_56_v2.pdf,Invoice,/docs/P003/Invoice_P003_56_v2.file,2025-03-23T19:17:03,2,False,Document
DOC147,Invoice_P003_56_v3.docx,Invoice,/docs/P003/Invoice_P003_56_v3.file,2025-03-29T17:38:39,3,False,Document
DOC148,Invoice_P003_56_v4.xlsx,Invoice,/docs/P003/Invoice_P003_56_v4.file,2025-04-01T14:30:51,4,True,Document
DOC149,CertificatePDF_P009_57_v1.pdf,CertificatePDF,/docs/P009/CertificatePDF_P009_57_v1.file,2024-02-17T11:40:20,1,False,Document
DOC150,CertificatePDF_P009_57_v2.xlsx,CertificatePDF,/docs/P009/CertificatePDF_P009_57_v2.file,2024-09-04T14:02:31,2,False,Document
DOC151,CertificatePDF_P009_57_v3.pdf,CertificatePDF,/docs/P009/CertificatePDF_P009_57_v3.file,2024-09-19T06:01:30,3,False,Document
DOC152,CertificatePDF_P009_57_v4.jpg,CertificatePDF,/docs/P009/CertificatePDF_P009_57_v4.file,2025-03-21T01:00:41,4,True,Document
DOC153,Photo_P007_58_v1.docx,Photo,/docs/P007/Photo_P007_58_v1.file,2025-02-18T01:08:41,1,False,Document
DOC154,Photo_P007_58_v2.docx,Photo,/docs/P007/Photo_P007_58_v2.file,2025-03-12T17:26:44,2,True,Document
DOC155,Contract_P009_59_v1.xlsx,Contract,/docs/P009/Contract_P009_59_v1.file,2023-07-02T00:42:18,1,False,Document
DOC156,Contract_P009_59_v2.xlsx,Contract,/docs/P009/Contract_P009_59_v2.file,2024-08-24T17:21:08,2,True,Document
DOC157,Photo_P003_60_v1.dwg,Photo,/docs/P003/Photo_P003_60_v1.file,2023-12-09T03:52:26,1,False,Document
DOC158,Photo_P003_60_v2.xlsx,Photo,/docs/P003/Photo_P003_60_v2.file,2024-05-17T01:27:37,2,True,Document
DOC159,Data_P002_61_v1.pdf,Data,/docs/P002/Data_P002_61_v1.file,2023-08-06T23:50:36,1,False,Document
DOC160,Data_P002_61_v2.dwg,Data,/docs/P002/Data_P002_61_v2.file,2023-09-27T10:40:46,2,False,Document
DOC161,Data_P002_61_v3.dwg,Data,/docs/P002/Data_P002_61_v3.file,2025-02-25T04:10:33,3,True,Document
DOC162,Calculation_P004_62_v1.docx,Calculation,/docs/P004/Calculation_P004_62_v1.file,2025-03-26T13:03:49,1,True,Document
DOC163,Protocol_P007_63_v1.pdf,Protocol,/docs/P007/Protocol_P007_63_v1.file,2023-11-25T17:53:48,1,False,Document
DOC164,Protocol_P007_63_v2.xlsx,Protocol,/docs/P007/Protocol_P007_63_v2.file,2024-12-04T17:35:59,2,False,Document
DOC165,Protocol_P007_63_v3.dwg,Protocol,/docs/P007/Protocol_P007_63_v3.file,2025-03-20T08:25:52,3,True,Document
DOC166,Photo_P004_64_v1.dwg,Photo,/docs/P004/Photo_P004_64_v1.file,2024-09-27T02:27:38,1,True,Document
DOC167,Offer_P008_65_v1.xlsx,Offer,/docs/P008/Offer_P008_65_v1.file,2023-03-31T08:11:11,1,False,Document
DOC168,Offer_P008_65_v2.jpg,Offer,/docs/P008/Offer_P008_65_v2.file,2025-01-09T18:15:54,2,False,Document
DOC169,Offer_P008_65_v3.jpg,Offer,/docs/P008/Offer_P008_65_v3.file,2025-03-08T05:31:07,3,False,Document
DOC170,Offer_P008_65_v4.docx,Offer,/docs/P008/Offer_P008_65_v4.file,2025-03-21T04:41:00,4,True,Document
DOC171,Calculation_P003_66_v1.dwg,Calculation,/docs/P003/Calculation_P003_66_v1.file,2023-10-03T16:04:08,1,False,Document
DOC172,Calculation_P003_66_v2.pdf,Calculation,/docs/P003/Calculation_P003_66_v2.file,2023-11-24T14:52:17,2,False,Document
DOC173,Calculation_P003_66_v3.dwg,Calculation,/docs/P003/Calculation_P003_66_v3.file,2024-01-11T17:39:06,3,True,Document
DOC174,Report_P002_67_v1.jpg,Report,/docs/P002/Report_P002_67_v1.file,2023-03-10T00:54:19,1,False,Document
DOC175,Report_P002_67_v2.xlsx,Report,/docs/P002/Report_P002_67_v2.file,2025-04-02T14:18:48,2,False,Document
DOC176,Report_P002_67_v3.docx,Report,/docs/P002/Report_P002_67_v3.file,2025-04-06T07:13:06,3,False,Document
DOC177,Report_P002_67_v4.xlsx,Report,/docs/P002/Report_P002_67_v4.file,2025-04-07T11:38:04,4,True,Document
DOC178,Contract_P001_68_v1.docx,Contract,/docs/P001/Contract_P001_68_v1.file,2024-03-27T17:10:12,1,False,Document
DOC179,Contract_P001_68_v2.dwg,Contract,/docs/P001/Contract_P001_68_v2.file,2024-11-01T04:18:12,2,False,Document
DOC180,Contract_P001_68_v3.dwg,Contract,/docs/P001/Contract_P001_68_v3.file,2025-01-27T20:46:44,3,False,Document
DOC181,Contract_P001_68_v4.docx,Contract,/docs/P001/Contract_P001_68_v4.file,2025-03-02T00:52:14,4,True,Document
DOC182,Report_P009_69_v1.docx,Report,/docs/P009/Report_P009_69_v1.file,2024-10-10T02:07:14,1,True,Document
DOC183,Plan_P001_70_v1.jpg,Plan,/docs/P001/Plan_P001_70_v1.file,2023-12-07T02:08:35,1,False,Document
DOC184,Plan_P001_70_v2.dwg,Plan,/docs/P001/Plan_P001_70_v2.file,2024-03-10T13:15:51,2,False,Document
DOC185,Plan_P001_70_v3.docx,Plan,/docs/P001/Plan_P001_70_v3.file,2025-04-06T14:44:16,3,False,Document
DOC186,Plan_P001_70_v4.dwg,Plan,/docs/P001/Plan_P001_70_v4.file,2025-04-07T03:22:07,4,True,Document
DOC187,Protocol_P009_71_v1.jpg,Protocol,/docs/P009/Protocol_P009_71_v1.file,2024-09-07T09:43:26,1,False,Document
DOC188,Protocol_P009_71_v2.xlsx,Protocol,/docs/P009/Protocol_P009_71_v2.file,2024-09-28T20:32:58,2,False,Document
DOC189,Protocol_P009_71_v3.xlsx,Protocol,/docs/P009/Protocol_P009_71_v3.file,2025-01-18T04:53:59,3,False,Document
DOC190,Protocol_P009_71_v4.xlsx,Protocol,/docs/P009/Protocol_P009_71_v4.file,2025-03-16T21:22:05,4,True,Document
DOC191,Plan_P002_72_v1.jpg,Plan,/docs/P002/Plan_P002_72_v1.file,2023-09-29T02:40:24,1,False,Document
DOC192,Plan_P002_72_v2.jpg,Plan,/docs/P002/Plan_P002_72_v2.file,2024-10-24T02:51:57,2,False,Document
DOC193,Plan_P002_72_v3.xlsx,Plan,/docs/P002/Plan_P002_72_v3.file,2025-01-03T06:49:06,3,False,Document
DOC194,Plan_P002_72_v4.dwg,Plan,/docs/P002/Plan_P002_72_v4.file,2025-01-05T00:19:09,4,True,Document
DOC195,Contract_P003_73_v1.xlsx,Contract,/docs/P003/Contract_P003_73_v1.file,2025-03-08T02:06:15,1,False,Document
DOC196,Contract_P003_73_v2.docx,Contract,/docs/P003/Contract_P003_73_v2.file,2025-03-10T21:53:13,2,False,Document
DOC197,Contract_P003_73_v3.jpg,Contract,/docs/P003/Contract_P003_73_v3.file,2025-03-16T16:30:02,3,False,Document
DOC198,Contract_P003_73_v4.dwg,Contract,/docs/P003/Contract_P003_73_v4.file,2025-03-17T04:49:33,4,True,Document
DOC199,Plan_P008_74_v1.dwg,Plan,/docs/P008/Plan_P008_74_v1.file,2023-07-09T22:18:18,1,True,Document
DOC200,Contract_P007_75_v1.dwg,Contract,/docs/P007/Contract_P007_75_v1.file,2025-04-07T04:33:41,1,True,Document
DOC201,Protocol_P001_76_v1.jpg,Protocol,/docs/P001/Protocol_P001_76_v1.file,2024-10-10T08:18:30,1,False,Document
DOC202,Protocol_P001_76_v2.dwg,Protocol,/docs/P001/Protocol_P001_76_v2.file,2024-10-29T21:34:19,2,False,Document
DOC203,Protocol_P001_76_v3.jpg,Protocol,/docs/P001/Protocol_P001_76_v3.file,2025-03-24T13:31:26,3,False,Document
DOC204,Protocol_P001_76_v4.pdf,Protocol,/docs/P001/Protocol_P001_76_v4.file,2025-04-04T18:32:07,4,True,Document
DOC205,Invoice_P001_77_v1.dwg,Invoice,/docs/P001/Invoice_P001_77_v1.file,2024-12-14T17:40:53,1,False,Document
DOC206,Invoice_P001_77_v2.pdf,Invoice,/docs/P001/Invoice_P001_77_v2.file,2025-01-23T23:13:01,2,False,Document
DOC207,Invoice_P001_77_v3.docx,Invoice,/docs/P001/Invoice_P001_77_v3.file,2025-02-09T03:33:17,3,False,Document
DOC208,Invoice_P001_77_v4.docx,Invoice,/docs/P001/Invoice_P001_77_v4.file,2025-03-30T07:09:00,4,True,Document
DOC209,Protocol_P009_78_v1.dwg,Protocol,/docs/P009/Protocol_P009_78_v1.file,2023-03-27T23:18:12,1,False,Document
DOC210,Protocol_P009_78_v2.xlsx,Protocol,/docs/P009/Protocol_P009_78_v2.file,2024-04-01T13:42:17,2,False,Document
DOC211,Protocol_P009_78_v3.docx,Protocol,/docs/P009/Protocol_P009_78_v3.file,2025-01-20T15:51:32,3,True,Document
DOC212,Plan_P008_79_v1.xlsx,Plan,/docs/P008/Plan_P008_79_v1.file,2024-01-21T09:33:33,1,False,Document
DOC213,Plan_P008_79_v2.dwg,Plan,/docs/P008/Plan_P008_79_v2.file,2024-11-22T18:49:58,2,False,Document
DOC214,Plan_P008_79_v3.docx,Plan,/docs/P008/Plan_P008_79_v3.file,2025-03-15T14:07:45,3,False,Document
DOC215,Plan_P008_79_v4.dwg,Plan,/docs/P008/Plan_P008_79_v4.file,2025-03-17T19:37:59,4,True,Document
DOC216,CertificatePDF_P005_80_v1.pdf,CertificatePDF,/docs/P005/CertificatePDF_P005_80_v1.file,2024-05-07T14:41:31,1,False,Document
DOC217,CertificatePDF_P005_80_v2.dwg,CertificatePDF,/docs/P005/CertificatePDF_P005_80_v2.file,2025-02-06T05:55:20,2,True,Document
